paziente,età,SEX,diagnosi,terapia,tempo,Cvrisk,peso,delta Peso,BMI,deltaBMI,PAS,deltaPas,pad,deltaPad,HBO,neutro,linfo,glic,deltaglicemia,HBAC1,deltaHbAc1,sodio,potassio,calcio,fosforo,colesterolo,deltaColesterolo,HDL,deltaHDL,ldl,deltaLDL,TG,deltaTG,ACTH,cortisolo,CLU,IGF,TSH,fT4,PTH,Vitamina D,dose_CA,dose_HC,dose_PL,dose equivalente
1,63,2,1,1,1,0.093924497,0.672620943,0.008032098,0.60821636,0.883919374,0.309857588,0.224620404,0.455495403,0.738040086,0.181125533,0.486951221,0.676579736,0.517700531,0.536934096,0.803206435,0.309462211,0.42574573,0.015203167,0.728523818,0.537453384,0.007260023,0.343916689,0.417953412,0.124222254,0.548883748,0.66920942,0.063916429,0.570992171,0.635399774,0.583178044,0.571826522,0.483768991,0.301704794,0.755280755,0.745506258,0.960920996,0.817409652,0.437946523,0.632033203,0.860423967
1,63,2,1,1,2,0.001611492,0.688395999,0.264431533,0.310951229,0.722402937,0.132607562,0.63041782,0.714913844,0.876893549,0.05063275,0.840408618,0.228946867,0.242258832,0.077326859,0.94108792,0.808259646,0.964809301,0.557181847,0.136843183,0.568677624,0.663599527,0.525867778,6.74624E-05,0.071818845,0.709438876,0.822971781,0.378816942,0.767471863,0.430934951,0.815689339,0.784258773,0.739482141,0.757377166,0.14478495,0.285136769,0.6351249,0.67498918,0.205084444,0.331576417,0.059487966
1,63,2,1,1,3,0.880134104,0.517896846,0.393495477,0.055857746,0.734600117,0.739184995,0.391864034,0.250886673,0.890114028,0.997908801,0.084429733,0.347386666,0.568010198,0.895031129,0.927049361,0.677576549,0.899863898,0.403989283,0.709985277,0.8222091,0.736567851,0.725576906,0.316201594,0.567378842,0.162378849,0.927353091,0.21097771,0.901119937,0.064976541,0.631851668,0.685795226,0.563075457,0.271703396,0.444531888,0.096325629,0.323873868,0.097387453,0.211846678,0.407670734,0.474641808
2,56,2,1,1,1,0.617749296,0.097584926,0.193565111,0.932641059,0.831924983,0.040897781,0.562172739,0.775775661,0.958916518,0.12212001,0.540951568,0.789540749,0.818200035,0.249499149,0.966218983,0.367982106,0.852175,0.818668775,0.960160892,0.49705739,0.227123936,0.598463633,0.90557598,0.569439763,0.490022658,0.588522078,0.706060703,0.556423172,0.510615748,0.637187798,0.511072267,0.528824547,0.484508948,0.466702741,0.004720117,0.882759783,0.358294783,0.455310555,0.174089876,0.390205605
2,56,2,1,1,2,0.48754054,0.463202872,0.109034405,0.682579805,0.672245567,0.53913427,0.535656046,0.039771143,0.07918585,0.85518283,0.019602179,0.277205595,0.277574641,0.541563925,0.554258403,0.592196954,0.300067308,0.307703094,0.823336344,0.507364295,0.837646323,0.565072781,0.128945979,0.393057905,0.759820419,0.343126668,0.563364531,0.715936311,0.026062532,0.009250198,0.32318522,0.679372576,0.512487117,0.499810123,0.366106153,0.592968606,0.367954648,0.120724525,0.151254295,0.993333525
2,56,2,1,1,3,0.004374083,0.155128807,0.631015431,0.701560166,0.903556351,0.450132621,0.207396113,0.094934662,0.498938241,0.289328834,0.525532524,0.533129672,0.424794467,0.661586081,0.659313063,0.913099075,0.342812029,0.732406444,0.25959758,0.690118986,0.565778777,0.406822918,0.784614951,0.959390958,0.045458341,0.928629976,0.122709284,0.670865985,0.909947947,0.342099353,0.981504941,0.601461935,0.712233055,0.132671994,0.285465034,0.714120625,0.999459875,0.917287337,0.162083734,0.743661047
3,35,2,1,1,1,0.876168783,0.339304438,0.304610463,0.552745885,0.032986433,0.869793336,0.249747502,0.787058204,0.783901556,0.559292255,0.579842125,0.172636187,0.051055381,0.907948116,0.993603595,0.175993734,0.350827542,0.973001036,0.932294267,0.726861653,0.265578172,0.16547119,0.249215105,0.994997038,0.074920578,0.600009723,0.442747185,0.068375498,0.632202302,0.406248485,0.342844587,0.052274582,0.610162724,0.892621862,0.655740089,0.505305455,0.292938987,0.437233268,0.509722527,0.779440197
3,35,2,1,1,2,0.856679727,0.728303445,0.914921011,0.35093354,0.570145536,0.404812772,0.501932977,0.543624309,0.795139489,0.758128201,0.60221953,0.446343926,0.509366862,0.535894914,0.496152177,0.12863431,0.111105318,0.450545323,0.161439298,0.730469556,0.953052146,0.634948738,0.502023844,0.928994313,0.111034582,0.744950775,0.800305446,0.438271887,0.401386575,0.753948455,0.601985289,0.104936296,0.208818612,0.383615442,0.200592999,0.398442119,0.643559212,0.440311977,0.278059346,0.623823727
3,35,2,1,1,3,0.98931085,0.226315504,0.136980365,0.758517534,0.359295006,0.992351491,0.929132357,0.769264655,0.357205366,0.024477688,0.830526292,0.358042237,0.417015512,0.563015813,0.572045711,0.364588494,0.982537646,0.318521244,0.854929142,0.203895171,0.678987468,0.605490208,0.802609505,0.659201451,0.729243906,0.877617184,0.362336893,0.455805669,0.327986608,0.150347462,0.543033199,0.454779164,0.346761341,0.610531794,0.58992174,0.130617943,0.230583094,0.896172699,0.118099768,0.993980486
